Time(s),Displacement(mm),Force(N)
0.0,-258.703,3.0618435707910483
0.1628,-258.202,3.0852971743446798
0.2636,-258.207,3.092778065133338
0.3636,-258.207,3.093586810083463
0.4644,-258.207,3.0820621945441786
0.564,-258.207,3.0873190367199923
0.6639,-258.207,3.0901496440454306
0.7643,-258.208,3.0820621945441786
0.8641,-258.208,3.082870939494304
0.9638,-258.208,3.085701546819742
1.0649,-258.208,3.088329967907649
1.1652,-258.208,3.0893408990953057
1.2662,-258.208,3.083073125731835
1.3663,-258.208,3.086308105532336
1.4664,-258.208,3.0792315872187404
1.5664,-258.208,3.084286243157023
1.6661,-258.208,3.0865102917698675
1.7666,-258.208,3.0907562027580244
1.8671,-258.208,3.0820621945441786
1.9667,-258.208,3.082870939494304
2.067,-258.208,3.0786250285061465
2.1675,-258.208,3.0844884293945545
2.268,-258.208,3.0717506964300827
2.3675,-258.208,3.0780184697935526
2.4677,-258.208,3.084892801869617
2.5684,-258.208,3.0798381459313346
2.6685,-258.208,3.083477498206898
2.769,-258.208,3.0850949881071483
2.8692,-258.208,3.081657822069116
2.9693,-258.208,3.0865102917698675
3.0691,-258.208,3.08691466424493
3.1688,-258.208,3.0832753119693663
3.2688,-258.208,3.078220656031084
3.3688,-258.208,3.0859037330572736
3.4693,-258.208,3.0891387128577743
3.5692,-258.208,3.0891387128577743
3.6693,-258.208,3.087521222957524
3.769,-258.208,3.094395555033588
3.8694,-258.208,3.0917671339456816
3.9691,-258.208,3.0933846238459317
4.0686,-258.208,3.086308105532336
4.1702,-258.208,3.0911605752330873
4.27,-258.208,3.094395555033588
4.3705,-258.208,3.0873190367199923
4.4708,-258.208,3.0919693201832126
4.5705,-258.208,3.09156494770815
4.671,-258.208,3.088936526620243
4.7722,-258.208,3.0832753119693663
4.8722,-258.208,3.0919693201832126
4.9723,-258.208,3.0879255954325866
5.0722,-258.208,3.0844884293945545
5.1721,-258.208,3.090958388995556
5.2738,-258.208,3.0901496440454306
5.3736,-258.208,3.0832753119693663
5.475,-258.208,3.0838818706819606
5.5763,-258.208,3.0917671339456816
5.6762,-258.208,3.0905540165204934
5.7764,-258.208,3.0919693201832126
5.8769,-258.208,3.09156494770815
5.9765,-258.059,3.115827296211906
6.0984,-258.001,3.077411911080959
6.198,-258.0,3.099045838496808
6.2976,-258.0,3.09783272107162
6.3985,-258.0,3.1012698871096527
6.5004,-258.0,3.0929802513708693
6.6001,-258.0,3.0986414660217454
6.7003,-258.0,3.092171506420744
6.7999,-258.0,3.0960130449338386
6.9001,-258.0,3.093788996320994
6.9995,-258.0,3.096821789883964
7.1011,-258.0,3.0931824376084003
7.2009,-258.0,3.0939911825585256
7.3009,-258.0,3.0931824376084003
7.4009,-258.0,3.1004611421595274
7.5015,-258.0,3.0917671339456816
7.6025,-258.0,3.092778065133338
7.7032,-258.0,3.100258955921996
7.8031,-258.0,3.09621523117137
7.9031,-258.0,3.095608672458776
8.0026,-258.0,3.0958108586963076
8.1031,-258.0,3.1014720733471837
8.2031,-258.0,3.0954064862212443
8.3044,-258.0,3.096821789883964
8.4041,-258.0,3.1010677008721212
8.5039,-258.0,3.0974283485965577
8.6039,-258.0,3.0972261623590263
8.7038,-258.0,3.0913627614706183
8.8035,-258.0,3.0966196036464324
8.9051,-258.0,3.0895430853328367
9.0051,-258.0,3.093586810083463
9.1063,-258.0,3.0947999275086504
9.2064,-258.0,3.0998545834469335
9.3061,-258.0,3.0913627614706183
9.4062,-258.0,3.0998545834469335
9.5065,-258.0,3.0952042999837133
9.6068,-258.0,3.0986414660217454
9.7065,-258.0,3.0992480247343392
9.8069,-258.0,3.0972261623590263
9.908,-258.0,3.098843652259277
10.0082,-258.0,3.097630534834089
10.1085,-258.0,3.098439279784214
10.2092,-258.0,3.1004611421595274
10.3086,-258.0,3.094395555033588
10.4098,-258.0,3.100056769684465
10.5101,-258.0,3.090351830282962
10.6099,-258.0,3.095002113746182
10.7111,-258.0,3.0923736926582754
10.811,-258.0,3.0960130449338386
10.9108,-258.0,3.098439279784214
11.0106,-258.0,3.0919693201832126
11.1108,-258.0,3.0907562027580244
11.2108,-258.0,3.0931824376084003
11.3108,-258.0,3.100056769684465
11.4105,-258.0,3.0941933687960566
11.5112,-258.0,3.0954064862212443
11.6108,-258.0,3.0970239761214953
11.7109,-258.0,3.0972261623590263
11.8122,-258.0,3.0919693201832126
11.9131,-258.0,3.089745271570368
12.0135,-258.0,3.0873190367199923
12.1138,-258.0,3.0895430853328367
12.2155,-258.0,3.100056769684465
12.3147,-258.0,3.0992480247343392
12.416,-258.0,3.0947999275086504
12.5161,-258.0,3.0954064862212443
12.6162,-258.0,3.098439279784214
12.7159,-258.0,3.0923736926582754
12.8157,-258.0,3.094395555033588
12.916,-258.0,3.0980349073091515
13.0161,-258.0,3.10713328799806
13.1158,-258.0,3.101876445822246
13.2156,-258.0,3.099045838496808
13.3159,-258.0,3.105717984335341
13.4156,-258.0,3.0941933687960566
13.5163,-258.0,3.0885321541451805
13.616,-258.148,3.0786250285061465
13.7357,-258.562,3.0685157166295816
13.8374,-259.213,3.0646741781164866
13.9372,-259.893,3.0582042185154847
14.0373,-260.0,3.0588107772280786
14.1368,-260.0,3.0270675379356646
14.2378,-260.0,3.033335311299135
14.3378,-260.0,3.0298981452611025
14.4378,-260.0,3.0284828415983838
14.5385,-260.0,3.031920007636416
14.6385,-260.0,3.0303025177361653
14.7376,-260.0,3.033941870011729
14.8388,-260.0,3.02949377278604
14.9387,-260.0,3.026663165460602
15.0393,-260.0,3.028078469123321
15.1388,-260.0,3.0404118296127307
15.2401,-260.0,3.0383899672374173
15.3415,-260.0,3.0343462424867913
15.4409,-260.0,3.040816202087793
15.542,-260.0,3.035357173674448
15.643,-260.0,3.033941870011729
15.7431,-260.0,3.0296959590235715
15.8429,-260.0,3.0317178213988845
15.9441,-260.0,3.028078469123321
16.0453,-260.0,3.0242369306102264
16.1454,-260.0,3.027269724173196
16.2448,-260.0,3.032728752586541
16.3462,-260.0,3.030706890211228
16.4472,-260.0,3.0402096433751993
16.5472,-260.0,3.0355593599119794
16.6468,-260.0,3.033941870011729
16.7475,-260.0,3.031313448923822
16.8474,-260.0,3.033537497536666
16.9472,-260.0,3.0365702910996357
17.0469,-260.0,3.0292915865485086
17.1481,-260.0,3.032728752586541
17.2481,-260.0,3.0383899672374173
17.3482,-260.0,3.028078469123321
17.4481,-260.0,3.0337396837741974
17.5477,-260.0,3.0303025177361653
17.6477,-260.0,3.031920007636416
17.7495,-260.0,3.0371768498122296
17.849,-260.0,3.035963732387042
17.9496,-260.0,3.038592153474949
18.0502,-260.0,3.0317178213988845
18.1512,-260.0,3.0331331250616036
18.2509,-260.0,3.037379036049761
18.3513,-260.0,3.037379036049761
18.451,-260.0,3.0351549874369166
18.5509,-260.0,3.039198712187543
18.6507,-260.0,3.033537497536666
18.7509,-260.0,3.031313448923822
18.8506,-260.0,3.0351549874369166
18.9506,-260.0,3.0446577406008877
19.0525,-260.0,3.0402096433751993
19.1522,-260.0,3.0315156351613535
19.2523,-260.0,3.0365702910996357
19.353,-260.0,3.0371768498122296
19.453,-260.0,3.03879433971248
19.553,-260.0,3.0389965259500116
19.653,-260.0,3.040007457137668
19.7532,-260.0,3.0389965259500116
19.8532,-260.0,3.039805270900137
19.9531,-260.0,3.0349528011993856
20.0533,-260.0,3.03414405624926
20.153,-260.0,3.036772477337167
20.2533,-260.0,3.036772477337167
20.3543,-260.0,3.0452642993134815
20.4545,-260.0,3.0363681048621043
20.5545,-260.0,3.0351549874369166
20.654,-260.0,3.0337396837741974
20.7537,-260.0,3.0296959590235715
20.8536,-260.0,3.027269724173196
20.9546,-260.0,3.036974663574698
21.0565,-260.0,3.037985594762355
21.156,-260.0,3.037581222287292
21.2558,-260.0,3.037379036049761
21.3575,-260.0,3.0412205745628555
21.4582,-260.0,3.0416249470379184
21.558,-260.0,3.03879433971248
21.6595,-260.0,3.034750614961854
21.7591,-260.0,3.039198712187543
21.859,-260.0,3.0418271332754494
21.9601,-260.0,3.037581222287292
22.0606,-260.0,3.0396030846626054
22.1608,-260.0,3.0365702910996357
22.2617,-260.0,3.0389965259500116
22.3623,-260.0,3.0371768498122296
22.4625,-260.0,3.0424336919880433
22.5622,-260.0,3.042838064463106
22.6632,-260.0,3.035963732387042
22.7641,-260.0,3.0444555543633567
22.8647,-260.0,3.042029319512981
22.9648,-260.0,3.034750614961854
23.067,-260.0,3.0363681048621043
23.1661,-260.0,3.0371768498122296
23.2659,-260.0,3.035357173674448
23.3656,-260.0,3.0343462424867913
23.4673,-260.0,3.032728752586541
23.5673,-260.0,3.039198712187543
23.6682,-260.0,3.0396030846626054
23.7681,-260.0,3.037379036049761
23.8692,-260.0,3.039198712187543
23.9687,-260.0,3.0357615461495104
24.0691,-260.0,3.0323243801114783
24.1696,-260.0,3.0404118296127307
24.2692,-260.0,3.038592153474949
24.3687,-260.0,3.036772477337167
24.4694,-260.0,3.034750614961854
24.5705,-260.0,3.0406140158502617
24.671,-260.0,3.0404118296127307
24.7707,-260.0,3.038592153474949
24.8713,-260.0,3.037985594762355
24.9719,-260.0,3.0444555543633567
25.0727,-260.0,3.0361659186245733
25.1727,-260.0,3.032728752586541
25.2733,-260.0,3.0323243801114783
25.3728,-260.0,3.0315156351613535
25.4732,-260.0,3.022417254472445
25.5726,-260.0,3.0315156351613535
25.6742,-260.0,3.038592153474949
25.7757,-260.0,3.0389965259500116
25.8758,-260.0,3.0462752305011382
25.9778,-260.0,3.050521141489295
26.0782,-260.0,3.0446577406008877
26.178,-260.0,3.0402096433751993
26.2792,-260.0,3.041422760800387
26.3797,-260.0,3.033941870011729
26.4797,-260.0,3.0410183883253246
26.5802,-260.0,3.035963732387042
26.6811,-260.0,3.0361659186245733
26.781,-260.0,3.035963732387042
26.881,-260.0,3.0365702910996357
26.9817,-260.138,3.0317178213988845
27.1034,-260.55,2.997952719731157
27.203,-261.202,3.0203953920971314
27.3034,-261.885,3.0011876995316578
27.4029,-262.535,2.981777820728653
27.5034,-263.218,2.9577176584624283
27.6032,-263.868,2.947001787873269
27.7039,-264.554,2.924963487982357
27.8043,-265.238,2.9112148238302282
27.9037,-265.887,2.8940289936400676
28.0042,-266.571,2.8818978193881897
28.1054,-267.22,2.886750289088941
28.2057,-267.904,2.885132799188691
28.3067,-268.587,2.8764387909748446
28.4074,-269.237,2.873203811174344
28.5086,-269.92,2.8736081836494063
28.6087,-270.604,2.8632966855353104
28.7087,-271.253,2.8746191148370626
28.8089,-271.937,2.870777576323968
28.9098,-272.586,2.856826725934308
29.0103,-273.271,2.8541983048464012
29.11,-273.919,2.855815794746652
29.2097,-274.603,2.855815794746652
29.3101,-275.252,2.8422693168320543
29.4106,-275.936,2.8404496406942727
29.511,-276.585,2.8382255920814283
29.6126,-277.269,2.8297337701051135
29.7124,-277.953,2.8216463206038616
29.8122,-278.602,2.821848506841393
29.9119,-279.286,2.8155807334779226
30.0134,-279.935,2.8131544986275467
30.1132,-280.619,2.808504215164327
30.2127,-281.303,2.806280166551483
30.3142,-281.952,2.788285591411197
30.4149,-282.635,2.7874768464610717
30.5152,-283.285,2.7777719070595692
30.6167,-283.969,2.766853850232879
30.7163,-284.652,2.7561379796437198
30.8167,-285.301,2.7456242952920924
30.9181,-285.985,2.734099679752808
31.0188,-286.668,2.7264166027266183
31.1193,-287.318,2.701345509272737
31.2189,-288.001,2.699121460659893
31.3188,-288.651,2.6782962781941686
31.4196,-289.335,2.662727937904258
31.5193,-289.984,2.644531176526441
31.619,-290.668,2.6190557105974968
31.7192,-291.317,2.5933780584310218
31.8193,-292.001,2.5747769245781416
31.9196,-292.65,2.544044616473384
32.0206,-293.333,2.514323239556283
32.121,-294.017,2.4783340892757106
32.2209,-294.667,2.439716517907232
32.321,-295.35,2.393213683275033
32.4213,-296.0,2.335792791816143
32.5234,-296.683,2.2860549773834427
32.6231,-297.332,2.222164126323551
32.7233,-298.016,2.1560492266508153
32.8232,-298.666,2.067491654612105
32.923,-299.352,1.9888412082124287
33.0231,-300.001,1.8899721380596217
33.1228,-300.687,1.7882724605813771
33.2243,-301.371,1.6606929446991252
33.3246,-302.02,1.5173429022894322
33.4241,-302.704,1.357211402164641
33.524,-303.353,1.1693803874980615
33.6243,-304.036,0.9605220041282264
33.7241,-304.686,0.7267947135420414
33.8244,-305.369,0.45950450752565997
33.9242,-306.019,0.1552142200410505
34.0258,-306.703,-0.18931112871228814
34.1263,-307.386,-0.5948967212000801
34.2263,-308.036,-1.048804824457853
34.3265,-308.686,-1.575095600751832
34.4261,-309.369,-2.1697253253313913
34.5263,-310.052,-2.8405792614602516
34.6261,-310.702,-3.5866464779507563
34.7269,-311.385,-4.431987137069131
34.8276,-312.035,-5.380038404853406
34.9282,-312.718,-6.440303034467553
35.0281,-313.368,-7.613185398386637
35.1278,-314.051,-8.894439585622495
35.2279,-314.735,-10.287300575975635
35.3282,-315.384,-11.781052498856896
35.4284,-316.034,-13.34556960487411
35.5279,-316.71,-14.990556833428784
35.6287,-316.801,-16.874730380982985
35.7286,-316.801,-17.2184469847862
35.8282,-316.801,-16.695391188292724
35.9283,-316.801,-16.388674665957737
36.0287,-316.801,-16.17961409635037
36.1285,-316.8,-16.014427940287298
36.2285,-316.8,-15.878356602428733
36.3283,-316.8,-15.766951985548982
36.4285,-316.8,-15.671115708959146
36.5287,-316.8,-15.588825910283907
36.6287,-316.8,-15.518869472098075
36.7281,-316.8,-15.448913033912245
36.8278,-316.8,-15.386235300277542
36.9284,-316.8,-15.33002752624384
37.0292,-316.8,-15.283929064086703
37.129,-316.8,-15.23055189737844
37.2293,-316.8,-15.184655621458834
37.3293,-316.8,-15.150890519791107
37.4303,-316.8,-15.112070762185096
37.5301,-316.8,-15.075677239429464
37.6307,-316.8,-15.03807059924864
37.7305,-316.8,-15.011179829656976
37.8317,-316.8,-14.977819100464313
37.9311,-316.8,-14.945469302459305
38.0311,-316.8,-14.918578532867642
38.1308,-316.8,-14.892092135751039
38.2331,-316.8,-14.864796993684314
38.3321,-316.8,-14.840130272705496
38.4325,-316.8,-14.815867924201738
38.5318,-316.8,-14.79564930044861
38.6337,-316.8,-14.776441607883134
38.7332,-316.8,-14.751370514429254
38.8333,-316.8,-14.72771472463809
38.9328,-316.8,-14.712752943060776
39.0329,-316.8,-14.693140878020237
39.1334,-316.8,-14.675752861592548
39.2333,-316.8,-14.65796047268979
39.3328,-316.8,-14.646031484675445
39.4336,-316.8,-14.623790998547001
39.5333,-316.8,-14.605594237169184
39.6342,-316.8,-14.589621524404212
39.7347,-316.8,-14.570616018076269
39.8349,-316.8,-14.557878285111798
39.935,-316.8,-14.543927434722137
40.0353,-316.8,-14.527550349482102
40.1357,-316.8,-14.517643223843068
40.2358,-316.8,-14.509151401866752
40.3365,-316.8,-14.489539336826217
40.4373,-316.8,-14.480238769899778
40.5374,-316.8,-14.462648567234554
40.6372,-316.8,-14.44930427555749
40.7373,-316.8,-14.438992777443392
40.8369,-316.8,-14.431309700417202
40.938,-316.8,-14.41533698765223
41.0379,-316.8,-14.397746784987007
41.1387,-316.8,-14.389659335485753
41.2388,-316.8,-14.380156582321783
41.3399,-316.8,-14.370653829157812
41.4406,-316.8,-14.35346799896765
41.5404,-316.8,-14.344369618278742
41.6399,-316.8,-14.342145569665899
41.7399,-316.8,-14.331631885314271
41.8399,-316.8,-14.313232937698922
41.941,-316.8,-14.304741115722607
42.0417,-316.8,-14.302112694634701
42.1412,-316.8,-14.292003382758134
42.2412,-316.8,-14.275828483755632
42.3412,-316.8,-14.274008807617848
42.4424,-316.8,-14.261877633365971
42.5431,-316.8,-14.257833908615344
42.6433,-316.8,-14.243680871988154
42.7435,-316.8,-14.23518905001184
42.8433,-316.8,-14.230336580311088
42.9431,-316.8,-14.213959495071052
43.0434,-316.8,-14.206276418044864
43.1435,-316.8,-14.197178037355954
43.2432,-316.8,-14.192325567655203
43.3432,-316.8,-14.182620628253702
43.4435,-316.8,-14.17453317875245
43.5435,-316.8,-14.165232611826008
43.6436,-316.8,-14.156538603612164
43.7432,-316.8,-14.15128176143635
43.8432,-316.8,-14.145418360547941
43.9434,-316.8,-14.137128724809159
44.0434,-316.8,-14.131871882633344
44.1428,-316.8,-14.12358224689456
44.243,-316.8,-14.112866376305401
44.3428,-316.8,-14.113068562542933
44.4434,-316.8,-14.103565809378962
44.5435,-316.8,-14.095276173640178
44.6445,-316.8,-14.083953744338425
44.7445,-316.8,-14.079505647112738
44.8449,-316.8,-14.076472853549769
44.9449,-316.8,-14.071418197611484
45.0451,-316.8,-14.06454386553542
45.1452,-316.8,-14.05504111237145
45.2457,-316.8,-14.048368966532916
45.3456,-316.8,-14.040685889506726
45.4452,-316.8,-14.031385322580286
45.5453,-316.8,-14.027543784067191
45.6455,-316.8,-14.019456334565941
45.7452,-316.8,-14.011773257539751
45.8454,-316.8,-14.007729532789126
45.9456,-316.8,-14.004292366751093
46.0452,-316.8,-13.992565564974278
46.1454,-316.8,-13.992363378736746
46.2452,-316.8,-13.991150261311558
46.346,-316.8,-13.983467184285368
46.446,-316.8,-13.981040949434993
46.5464,-316.8,-13.97275131369621
46.6465,-316.8,-13.971538196271021
46.7468,-316.8,-13.964461677957425
46.8466,-316.8,-13.960013580731738
46.9474,-316.8,-13.959204835781613
47.0469,-316.8,-13.95576766974358
47.1471,-316.8,-13.948893337667515
47.2474,-316.8,-13.942625564304045
47.3477,-316.8,-13.934538114802795
47.4479,-316.8,-13.929887831339574
47.5483,-316.8,-13.92463098916376
47.6485,-316.8,-13.918363215800289
47.7483,-316.8,-13.914521677287196
47.848,-316.8,-13.899964268184942
47.9489,-316.8,-13.899559895709878
48.049,-316.8,-13.900166454422472
48.1493,-316.8,-13.896324915909377
48.2493,-316.8,-13.886822162745407
48.3494,-316.8,-13.880756575619467
48.4501,-316.8,-13.877521595818967
48.5517,-316.8,-13.87812815453156
48.6516,-316.8,-13.8674122839424
48.7514,-316.8,-13.866199166517214
48.8524,-316.8,-13.861346696816463
48.9525,-316.8,-13.85952702067868
49.0522,-316.8,-13.84375649415124
49.1529,-316.8,-13.841936818013457
49.2532,-316.8,-13.839914955638145
49.3554,-316.8,-13.840319328113207
49.456,-316.8,-13.831827506136891
49.556,-316.8,-13.82839034009886
49.6574,-316.8,-13.82555973277342
49.758,-316.8,-13.82070726307267
49.8584,-316.8,-13.821920380497858
49.9589,-316.8,-13.818685400697357
50.0597,-316.8,-13.8144394897092
50.1595,-316.8,-13.801095198032133
50.2589,-316.8,-13.799073335656821
50.3593,-316.8,-13.793816493481007
50.4598,-316.8,-13.791996817343225
50.5597,-316.8,-13.786739975167412
50.6596,-316.8,-13.784718112792099
50.7598,-316.8,-13.780270015566408
50.8594,-316.8,-13.779865643091348
50.9595,-316.8,-13.774810987153064
51.0596,-316.8,-13.768543213789593
51.1596,-316.8,-13.768543213789593
51.2599,-316.8,-13.765510420226624
51.3603,-316.8,-13.763084185376249
51.461,-316.8,-13.75722078448784
51.5626,-316.8,-13.75075082488684
51.662,-316.8,-13.748526776273994
51.7625,-316.8,-13.742259002910526
51.8633,-316.8,-13.738619650634961
51.9635,-316.8,-13.738013091922369
52.0636,-316.8,-13.728712524995927
52.163,-316.8,-13.731745318558897
52.2643,-316.8,-13.725073172720364
52.3653,-316.8,-13.72123163420727
52.4653,-316.8,-13.720422889257145
52.5663,-316.8,-13.712941998468485
52.666,-316.8,-13.702832686591922
52.7666,-316.8,-13.709100459955392
52.8676,-316.8,-13.708696087480329
52.9672,-316.8,-13.700204265504013
53.0674,-316.8,-13.696160540753388
53.1678,-316.8,-13.697575844416107
53.267,-316.8,-13.694138678378076
53.3672,-316.8,-13.695756168278326
53.4671,-316.8,-13.685646856401762
53.5671,-316.8,-13.684231552739043
53.6674,-316.8,-13.676750661950383
53.7674,-316.8,-13.676952848187915
53.867,-316.8,-13.675537544525195
53.967,-316.8,-13.670482888586912
54.0673,-316.8,-13.661384507898005
54.168,-316.8,-13.660575762947879
54.269,-316.8,-13.65754296938491
54.3689,-316.8,-13.646018353845625
54.4693,-316.8,-13.645816167608094
54.57,-316.8,-13.6452096088955
54.6699,-316.8,-13.642985560282655
54.7716,-316.8,-13.636919973156717
54.8713,-316.8,-13.637324345631779
54.9712,-316.8,-13.63429155206881
55.071,-316.8,-13.630450013555715
55.1712,-316.8,-13.627821592467809
55.2713,-316.8,-13.624586612667306
55.3713,-316.8,-13.621149446629275
55.4712,-316.8,-13.620947260391745
55.5712,-316.8,-13.6154882319784
55.6712,-316.8,-13.613668555840617
55.7712,-316.8,-13.612253252177897
55.8714,-316.8,-13.610433576040116
55.9712,-316.8,-13.603559243964051
56.0713,-316.8,-13.606996410002083
56.1712,-316.8,-13.606187665051959
56.2709,-316.8,-13.598908960500832
56.3717,-316.8,-13.598302401788237
56.4714,-316.8,-13.601133009113676
56.5714,-316.8,-13.592236814662298
56.6711,-316.8,-13.588799648624267
56.7718,-316.8,-13.583542806448452
56.8725,-316.8,-13.587182158724017
56.9727,-316.8,-13.574242239522013
57.072,-316.8,-13.579499081697827
57.1726,-316.8,-13.572624749621763
57.2732,-316.8,-13.57060288724645
57.3735,-316.8,-13.565952603783229
57.4735,-316.8,-13.567772279921012
57.5733,-316.8,-13.561908879032604
57.6756,-316.8,-13.559482644182228
57.7755,-316.8,-13.559280457944698
57.8751,-316.8,-13.551395194680975
57.975,-316.8,-13.554023615768884
58.0767,-316.8,-13.556247664381727
58.176,-316.8,-13.5457339800301
58.2778,-316.8,-13.54735146993035
58.3789,-316.8,-13.54593616626763
58.4785,-316.8,-13.541892441517005
58.5785,-316.8,-13.548362401118005
58.6784,-316.8,-13.543105558942193
58.7799,-316.8,-13.541488069041941
58.8798,-316.8,-13.537242158053784
58.9794,-316.8,-13.535422481916005
59.0794,-316.8,-13.528952522315
59.1809,-316.8,-13.531378757165376
59.28,-316.8,-13.528143777364876
59.3812,-316.8,-13.524302238851782
59.4813,-316.8,-13.52106725905128
59.5816,-316.8,-13.524504425089312
59.6827,-316.8,-13.517832279250781
59.7832,-316.8,-13.515406044400406
59.8836,-316.8,-13.512777623312497
59.9836,-316.8,-13.515810416875466
60.0831,-316.8,-13.50691422242409
60.1835,-316.8,-13.506712036186558
60.2835,-316.8,-13.497007096785056
60.3837,-316.8,-13.497209283022586
60.4831,-316.8,-13.497007096785056
60.5846,-316.8,-13.492761185796898
60.6852,-316.8,-13.494378675697147
60.7858,-316.8,-13.494580861934681
60.8865,-316.8,-13.48669559867096
60.9867,-316.8,-13.488717461046273
61.0871,-316.8,-13.48366280510799
61.1872,-316.8,-13.484673736295647
61.287,-316.8,-13.486291226195897
61.387,-316.8,-13.482449687682802
61.4877,-316.8,-13.481236570257614
61.5883,-316.8,-13.47901252164477
61.6876,-316.8,-13.473553493231424
61.7886,-316.8,-13.470925072143517
61.8889,-316.8,-13.465668229967704
61.9884,-316.8,-13.46809446481808
62.0883,-316.8,-13.461624505217078
62.1883,-316.8,-13.454952359378545
62.2882,-316.8,-13.45414361442842
62.3885,-316.8,-13.448280213540013
62.4889,-316.8,-13.452323938290638
62.5889,-316.8,-13.45394142819089
62.689,-316.8,-13.448684586015075
62.7898,-316.8,-13.44342774383926
62.8901,-316.8,-13.442214626414074
62.9908,-316.8,-13.443832116314324
63.0908,-316.8,-13.449493330965199
63.1917,-316.8,-13.43837308790098
63.2913,-316.8,-13.438979646613571
63.3927,-316.8,-13.433520618200227
63.4927,-316.8,-13.431903128299975
63.593,-316.8,-13.429881265924664
63.6937,-316.8,-13.424017865036255
63.7942,-316.8,-13.421996002660942
63.8945,-316.8,-13.42159163018588
63.9949,-316.8,-13.42159163018588
64.0944,-316.8,-13.427455031074286
64.1944,-316.8,-13.419165395335504
64.2944,-316.8,-13.41208887702191
64.3946,-316.8,-13.408247338508815
64.495,-316.8,-13.412897621972034
64.5948,-316.8,-13.417547905435255
64.6942,-316.8,-13.41067357335919
64.7956,-316.8,-13.408853897221407
64.8961,-316.8,-13.408651710983877
64.9968,-316.8,-13.405821103658438
65.096,-316.8,-13.402586123857937
65.1972,-316.8,-13.393285556931497
65.2975,-316.8,-13.397733654157186
65.3981,-316.8,-13.397329281682124
65.4999,-316.8,-13.395509605544342
65.5991,-316.8,-13.391870253268777
65.6994,-316.8,-13.395509605544342
65.7994,-316.8,-13.392274625743841
65.8996,-316.8,-13.387826528518152
66.0006,-316.8,-13.392881184456435
66.1016,-316.8,-13.390454949606058
66.2018,-316.8,-13.38277187257987
66.3014,-316.8,-13.375897540503807
66.4013,-316.8,-13.379132520304307
66.5026,-316.8,-13.369831953377867
66.6035,-316.8,-13.369225394665273
66.7046,-316.8,-13.364979483677114
66.8043,-316.8,-13.360531386451427
66.9046,-316.8,-13.370438512090459
67.0044,-316.8,-13.363968552489458
67.1041,-316.8,-13.364372924964522
67.2044,-316.8,-13.361744503876615
67.3045,-316.8,-13.352241750712643
67.4045,-316.8,-13.35931826902624
67.5056,-316.8,-13.350624260812394
67.6065,-316.8,-13.350422074574862
67.7066,-316.8,-13.347591467249424
67.8069,-316.8,-13.35021988833733
67.9077,-316.8,-13.34536741863658
68.008,-316.8,-13.34233462507361
68.109,-316.8,-13.344963046161515
68.2091,-316.8,-13.344356487448923
68.3092,-316.8,-13.339908390223234
68.4092,-316.8,-13.33950401774817
68.511,-316.8,-13.338695272798045
68.6108,-316.8,-13.336471224185201
68.7116,-316.8,-13.335258106760014
68.8114,-316.8,-13.336471224185201
68.9127,-316.8,-13.33303405814717
69.0121,-316.8,-13.33182094072198
69.1126,-316.8,-13.327575029733826
69.2135,-316.8,-13.329596892109137
69.3136,-316.8,-13.32656409854617
69.4133,-316.8,-13.322722560033075
69.5134,-316.8,-13.32514879488345
69.6134,-316.8,-13.319891952707636
69.7136,-316.8,-13.318274462807386
69.8135,-316.8,-13.314837296769351
69.9138,-316.8,-13.318274462807386
70.0137,-316.8,-13.31605041419454
70.1134,-316.8,-13.308771709643413
70.2138,-316.8,-13.308771709643413
70.3138,-316.8,-13.313421993106633
70.4138,-316.8,-13.305536729842911
70.5138,-316.8,-13.312411061918977
70.6138,-316.8,-13.297044907866598
70.7138,-316.8,-13.302503936279942
70.8138,-316.8,-13.304323612417726
70.9136,-316.8,-13.305334543605381
71.0135,-316.8,-13.300077701429567
71.1135,-316.8,-13.302908308755006
71.2134,-316.8,-13.297247094104128
71.3136,-316.8,-13.291181506978191
71.4137,-316.8,-13.293405555591036
71.5133,-316.8,-13.291990251928317
71.6137,-316.8,-13.285722478564846
71.7136,-316.8,-13.287946527177688
71.8136,-316.8,-13.284711547377189
71.9136,-316.8,-13.288553085890284
72.0133,-316.8,-13.283094057476937
72.1136,-316.8,-13.282285312526813
72.2138,-316.8,-13.283902802427063
72.3148,-316.8,-13.288957458365346
72.4142,-316.8,-13.283700616189533
72.5146,-316.8,-13.284711547377189
72.6157,-316.8,-13.277028470350999
72.7166,-316.8,-13.277432842826062
72.8166,-316.8,-13.263684178673934
72.9169,-316.8,-13.270154138274934
73.0161,-316.8,-13.268738834612215
73.118,-316.8,-13.267525717187029
73.2182,-316.8,-13.260651385110963
73.3187,-316.8,-13.265099482336653
73.42,-316.8,-13.261864502536152
73.52,-316.8,-13.262875433723808
73.6197,-316.8,-13.255192356697618
73.7205,-316.8,-13.258225150260587
73.8211,-316.8,-13.260449198873433
73.923,-316.8,-13.265503854811714
74.0236,-316.8,-13.2570120328354
74.1235,-316.8,-13.253777053034899
74.2237,-316.8,-13.25842733649812
74.3234,-316.8,-13.252159563134649
74.4235,-316.8,-13.24791365214649
74.5248,-316.8,-13.2505420732344
74.6242,-316.8,-13.25397923927243
74.7253,-316.8,-13.246902720958834
74.8259,-316.8,-13.242050251258084
74.9257,-316.8,-13.236186850369675
75.0258,-316.8,-13.239219643932646
75.1263,-316.8,-13.241039320070428
75.2275,-316.8,-13.248722397096618
75.3269,-316.8,-13.244072113633395
75.4264,-316.8,-13.231738753143986
75.5278,-316.8,-13.232951870569176
75.6281,-316.8,-13.234771546706956
75.7283,-316.8,-13.226684097205705
75.8296,-316.8,-13.234771546706956
75.93,-316.8,-13.236186850369675
76.0296,-316.8,-13.2272906559183
76.131,-316.8,-13.231334380668924
76.2316,-316.8,-13.22142725502989
76.3319,-316.8,-13.219203206417045
76.4314,-316.8,-13.218596647704452
76.5312,-316.8,-13.21657478532914
76.6316,-316.8,-13.217383530279266
76.7313,-316.8,-13.223449117405204
76.8313,-316.8,-13.216776971566672
76.9312,-316.8,-13.217585716516796
77.0314,-316.8,-13.20868952206542
77.1315,-316.8,-13.209093894540482
77.2314,-316.8,-13.211115756915795
77.3312,-316.8,-13.211722315628387
77.4314,-316.8,-13.207072032165168
77.5312,-316.8,-13.208082963352826
77.6319,-316.8,-13.207072032165168
77.7317,-316.8,-13.198782396426386
77.8313,-316.8,-13.197367092763667
77.9312,-316.8,-13.206869845927637
78.0314,-316.8,-13.200197700089106
78.1314,-316.8,-13.197771465238729
78.2315,-316.8,-13.194132112963166
78.3314,-316.8,-13.195749602863415
78.4315,-316.8,-13.192514623062916
78.5314,-316.8,-13.195749602863415
78.6315,-316.8,-13.193929926725634
78.7312,-316.8,-13.192716809300446
78.8317,-316.8,-13.197164906526135
78.9327,-316.8,-13.188268712074757
79.0322,-316.8,-13.185640290986852
79.134,-316.8,-13.189481829499947
79.2338,-316.8,-13.186449035936976
79.3335,-316.8,-13.180585635048567
79.4358,-316.8,-13.182405311186349
79.5352,-316.8,-13.182809683661413
79.636,-316.8,-13.1807878212861
79.7355,-316.8,-13.183011869898943
79.8357,-316.8,-13.177957213960662
79.9358,-316.8,-13.174317861685097
80.0357,-316.8,-13.17775502772313
80.1358,-316.8,-13.171082881884598
80.2356,-316.8,-13.176541910297942
80.3358,-316.8,-13.174924420397693
80.4369,-316.8,-13.166230412183845
80.5362,-316.8,-13.168454460796688
80.6377,-316.8,-13.172295999309783
80.7385,-316.8,-13.168050088321628
80.8396,-316.8,-13.164006363571001
80.9391,-316.8,-13.166432598421377
81.0402,-316.8,-13.158345148920125
81.1406,-316.8,-13.160569197532968
81.2402,-316.8,-13.16218668743322
81.3417,-316.8,-13.160164825057906
81.4415,-316.8,-13.152279561794185
81.5417,-316.8,-13.155312355357156
81.6427,-316.8,-13.152481748031718
81.7435,-316.8,-13.156727659019873
81.8434,-316.8,-13.159760452582844
81.9435,-316.8,-13.149448954468749
82.0437,-316.8,-13.145000857243058
82.1433,-316.8,-13.150257699418873
82.2434,-316.8,-13.15288612050678
82.345,-316.8,-13.150662071893935
82.4459,-316.8,-13.143383367342809
82.5466,-316.8,-13.142574622392683
82.6473,-316.8,-13.143383367342809
82.7477,-316.8,-13.142776808630215
82.8475,-316.8,-13.14520304348059
82.9473,-316.8,-13.142574622392683
83.0474,-316.8,-13.137115593979338
83.148,-316.8,-13.133678427941305
83.2481,-316.8,-13.133678427941305
83.3477,-316.8,-13.134891545366495
83.4478,-316.8,-13.135295917841557
83.5482,-316.8,-13.134284986653899
83.6488,-316.8,-13.127208468340305
83.7482,-316.8,-13.12801721329043
83.8498,-316.8,-13.127815027052899
83.9492,-316.8,-13.130645634378336
84.0492,-316.8,-13.134689359128963
84.1509,-316.8,-13.129432516953148
84.251,-316.8,-13.130847820615868
84.3504,-316.8,-13.12174943992696
84.4507,-316.8,-13.122558184877084
84.551,-316.8,-13.116290411513615
84.6507,-316.8,-13.119121018839051
84.7509,-316.8,-13.122962557352146
84.8511,-316.8,-13.122355998639554
84.9513,-316.8,-13.119727577551647
85.0521,-316.8,-13.116088225276082
85.1522,-316.8,-13.116088225276082
85.2529,-316.8,-13.108405148249892
85.353,-316.8,-13.118312273888927
85.4536,-316.8,-13.11244887300052
85.5534,-316.8,-13.114672921613364
85.6542,-316.8,-13.10941607943755
85.7536,-316.8,-13.109618265675081
85.8535,-316.8,-13.107394217062236
85.9537,-316.8,-13.111640128050395
86.0534,-316.8,-13.106989844587174
86.1537,-316.8,-13.111235755575331
86.2534,-316.8,-13.10476579597433
86.3535,-316.8,-13.105574540924456
86.4538,-316.8,-13.10314830607408
86.5539,-316.8,-13.10476579597433
86.6539,-316.8,-13.099711140036048
86.754,-316.8,-13.107596403299768
86.854,-316.8,-13.102137374886423
86.9542,-316.8,-13.101530816173828
87.055,-316.8,-13.099711140036048
87.1548,-316.8,-13.105978913399516
87.2551,-316.8,-13.101126443698766
87.3543,-316.8,-13.100519884986172
87.4549,-316.8,-13.098700208848392
87.555,-316.8,-13.099508953798516
87.6543,-316.8,-13.107192030824706
87.7548,-316.8,-13.097891463898266
87.8559,-316.8,-13.098700208848392
87.9557,-316.8,-13.094656484097765
88.0553,-316.8,-13.091421504297264
88.1559,-316.8,-13.080503447470573
88.2556,-316.8,-13.086366848358981
88.3554,-316.8,-13.087579965784169
88.4556,-316.8,-13.079694702520449
88.5557,-316.8,-13.084951544696262
88.6558,-316.8,-13.078481585095261
88.7557,-316.8,-13.081110006183167
88.8572,-316.8,-13.07686409519501
88.9566,-316.8,-13.075044419057228
89.0562,-316.8,-13.073022556681915
89.1568,-316.8,-13.069989763118947
89.2562,-316.8,-13.067159155793508
89.3569,-316.8,-13.067765714506102
89.4564,-316.8,-13.07059632183154
89.5572,-316.8,-13.072618184206853
89.6583,-316.8,-13.070394135594007
89.7584,-316.8,-13.064328548468069
89.8602,-316.8,-13.070191949356477
89.9616,-316.8,-13.067159155793508
90.0614,-316.8,-13.063317617280413
90.1615,-316.8,-13.066552597080914
90.2628,-316.8,-13.064935107180663
90.3637,-316.8,-13.063924175993007
90.4638,-316.8,-13.058060775104599
90.5651,-316.8,-13.060689196192506
90.6648,-316.8,-13.0612957549051
90.7651,-316.8,-13.060891382430038
90.8648,-316.8,-13.059071706292254
90.9643,-316.8,-13.05967826500485
91.0647,-316.8,-13.055836726491755
91.1646,-316.8,-13.053814864116443
91.2651,-316.8,-13.052399560453724
91.3646,-316.8,-13.057454216392005
91.4651,-316.8,-13.055432354016693
91.5651,-316.8,-13.051793001741128
91.6645,-316.8,-13.049771139365815
91.7645,-316.8,-13.049164580653223
91.8661,-316.8,-13.053208305403848
91.9659,-316.8,-13.05361267787891
92.0657,-316.8,-13.05523016777916
92.1661,-316.8,-13.04714271827791
92.2663,-316.8,-13.0548257953041
92.3664,-316.8,-13.04592960085272
92.4668,-316.8,-13.048760208178159
92.5671,-316.8,-13.041885876102095
92.6672,-316.8,-13.047951463228033
92.7673,-316.8,-13.036831220163814
92.8683,-316.8,-13.038448710064063
92.9684,-316.8,-13.038246523826531
93.0686,-316.8,-13.030967819275405
93.1692,-316.8,-13.03036126056281
93.2693,-316.8,-13.029148143137624
93.3703,-316.8,-13.032585309175655
93.4705,-316.8,-13.03015907432528
93.5702,-316.8,-13.027530653237372
93.671,-316.8,-13.026924094524778
93.7713,-316.8,-13.035415916501094
93.872,-316.8,-13.027935025712434
93.9715,-316.8,-13.031372191750467
94.0716,-316.8,-13.03036126056281
94.1716,-316.8,-13.029552515612686
94.2729,-316.8,-13.026721908287247
94.3725,-316.8,-13.027935025712434
94.4732,-316.8,-13.032787495413185
94.5736,-316.8,-13.027732839474904
94.6739,-316.8,-13.02854158442503
94.774,-316.8,-13.027530653237372
94.875,-316.8,-13.025306604624529
94.9754,-316.8,-13.018230086310933
95.0764,-316.8,-13.013984175322776
95.1765,-316.8,-13.018634458785995
95.2773,-316.8,-13.021262879873902
95.3783,-316.8,-13.02227381106156
95.4789,-316.8,-13.021262879873902
95.5793,-316.8,-13.02247599729909
95.6802,-316.8,-13.018230086310933
95.7793,-316.8,-13.01014263680968
95.8797,-316.8,-13.024295673436871
95.9802,-316.8,-13.011153567997336
96.0808,-316.8,-13.002661746021023
96.181,-316.8,-13.008929519384493
96.2803,-316.8,-13.01176012670993
96.3813,-316.8,-13.0115579404724
96.4817,-316.8,-13.009536078097087
96.5828,-316.8,-13.010547009284743
96.6829,-316.8,-13.007109843246711
96.7832,-316.8,-13.005896725821522
96.8828,-316.8,-13.008525146909431
96.9828,-316.8,-13.007312029484241
97.0837,-316.8,-13.007312029484241
97.1849,-316.8,-13.004481422158804
97.2845,-316.8,-13.000842069883241
97.3847,-316.8,-12.999628952458052
97.4852,-316.8,-13.005087980871398
97.5853,-316.8,-13.001044256120771
97.6867,-316.8,-12.998820207507928
97.7874,-316.8,-12.998011462557802
97.889,-316.8,-12.998618021270396
97.9898,-316.8,-13.00529016710893
98.0899,-316.8,-12.996393972657552
98.1901,-316.8,-12.990126199294082
98.29,-316.8,-12.995180855232363
98.3898,-316.8,-12.987497778206174
98.4905,-316.8,-12.995585227707426
98.5907,-316.8,-12.986284660780987
98.6911,-316.8,-12.992148061669395
98.7911,-316.8,-12.995787413944958
98.8922,-316.8,-12.987902150681236
98.9916,-316.8,-12.987902150681236
99.0914,-316.8,-12.988710895631362
99.1919,-316.8,-12.988508709393832
99.2916,-316.8,-12.991137130481738
99.3916,-316.8,-12.990530571769144
99.4914,-316.8,-12.980016887417516
99.5928,-316.8,-12.983454053455548
99.6933,-316.8,-12.982443122267892
99.7924,-316.8,-12.977590652567141
99.8942,-316.8,-12.983454053455548
99.9939,-316.8,-12.981836563555298
100.0938,-316.8,-12.980219073655048
100.1938,-316.8,-12.977590652567141
100.2938,-316.8,-12.974760045241702
100.394,-316.8,-12.980421259892578
100.4939,-316.8,-12.977995025042203
100.5938,-316.8,-12.977186280092077
100.694,-316.8,-12.971929437916264
100.7945,-316.8,-12.973142555341452
100.8944,-316.8,-12.974962231479234
100.995,-316.8,-12.97435567276664
101.0951,-316.8,-12.971929437916264
101.1947,-316.8,-12.97435567276664
101.2953,-316.8,-12.970109761778483
101.3951,-316.8,-12.972333810391328
101.4953,-316.8,-12.969301016828357
101.5952,-316.8,-12.966874781977982
101.6947,-316.8,-12.970109761778483
101.7951,-316.8,-12.962831057227355
101.8944,-316.8,-12.967683526928107
101.9951,-316.8,-12.966470409502918
102.0948,-316.8,-12.965863850790324
102.1951,-316.8,-12.963841988415012
102.2953,-316.8,-12.959191704951794
102.3959,-316.8,-12.95898951871426
102.4961,-316.8,-12.958382960001668
102.5964,-316.8,-12.956765470101418
102.6978,-316.8,-12.957574215051542
102.7982,-316.8,-12.962831057227355
102.8986,-316.8,-12.960000449901917
102.9985,-316.8,-12.951508627925604
103.0989,-316.8,-12.95110425545054
103.1989,-316.8,-12.949891138025354
103.2989,-316.8,-12.951306441688072
103.3998,-316.8,-12.94948676555029
103.5004,-316.8,-12.952317372875727
103.6005,-316.8,-12.952923931588323
103.7012,-316.8,-12.953934862775979
103.8008,-316.8,-12.951508627925604
103.9005,-316.8,-12.949082393075228
104.002,-316.8,-12.948880206837694
104.1015,-316.8,-12.948880206837694
104.2019,-316.8,-12.944229923374476
104.3019,-316.8,-12.94463429584954
104.4014,-316.8,-12.947869275650039
104.5029,-316.8,-12.947869275650039
104.6029,-316.8,-12.941197129811506
104.7041,-316.8,-12.942612433474226
104.8037,-316.8,-12.93553591516063
104.9039,-316.8,-12.937355591298411
105.004,-316.8,-12.93088563169741
105.104,-316.8,-12.937355591298411
105.2037,-316.8,-12.938366522486069
105.3045,-316.8,-12.942612433474226
105.4047,-316.8,-12.934727170210504
105.5046,-316.8,-12.939781826148788
105.6046,-316.8,-12.939175267436195
105.7057,-316.8,-12.930279072984815
105.806,-316.8,-12.936546846348286
105.9062,-316.8,-12.931694376647535
106.0067,-316.8,-12.9353337289231
106.1072,-316.8,-12.931896562885067
106.2065,-316.8,-12.933311866547786
106.3069,-316.8,-12.928257210609504
106.4066,-316.8,-12.92643753447172
106.5073,-316.8,-12.928257210609504
106.6073,-316.8,-12.919563202395656
106.707,-316.8,-12.923000368433689
106.8073,-316.8,-12.921180692295907
106.9076,-316.8,-12.92744846565938
107.0092,-316.8,-12.92744846565938
107.1088,-316.8,-12.919158829920596
107.2091,-316.8,-12.915923850120095
107.3089,-316.8,-12.918552271208
107.4085,-316.8,-12.917743526257876
107.5084,-316.8,-12.919563202395656
107.6087,-316.8,-12.920776319820845
107.7091,-316.8,-12.922798182196159
107.8086,-316.8,-12.918754457445532
107.9092,-316.8,-12.921787251008501
108.0101,-316.8,-12.915115105169969
108.1099,-316.8,-12.91228449784453
108.2104,-316.8,-12.918552271208
108.3109,-316.8,-12.91673259507022
108.411,-316.8,-12.912891056557125
108.5109,-316.8,-12.910262635469216
108.6111,-316.8,-12.913093242794655
108.7109,-316.8,-12.91066700794428
108.811,-316.8,-12.911880125369468
108.9105,-316.8,-12.907229841906247
109.0117,-316.8,-12.908240773093905
109.1125,-316.8,-12.910869194181812
109.2125,-316.8,-12.90763421438131
109.3127,-316.8,-12.90439923458081
109.4131,-316.8,-12.901972999730432
109.513,-316.8,-12.906016724481061
109.6128,-316.8,-12.911880125369468
109.7127,-316.8,-12.899142392404995
109.8126,-316.8,-12.908240773093905
109.9129,-316.8,-12.901972999730432
110.0132,-316.8,-12.894289922704246
110.1132,-316.8,-12.899546764880057
110.2141,-316.8,-12.894694295179306
110.314,-316.8,-12.896716157554621
110.4138,-316.8,-12.89368336399165
110.5138,-316.8,-12.90156862725537
110.6134,-316.8,-12.900557696067715
110.7137,-316.8,-12.896513971317088
110.8147,-316.8,-12.894087736466712
110.9146,-316.8,-12.890448384191151
111.0144,-316.8,-12.89226806032893
111.1159,-316.8,-12.885595914490398
111.2174,-316.8,-12.890852756666213
111.3169,-316.8,-12.888022149340774
111.4179,-316.8,-12.886202473202992
111.518,-316.8,-12.89368336399165
111.6181,-316.8,-12.885595914490398
111.7193,-316.8,-12.884787169540273
111.8186,-316.8,-12.882360934689897
111.92,-316.8,-12.890448384191151
112.0199,-316.8,-12.88579810072793
112.1199,-316.8,-12.888628708053368
112.2203,-316.8,-12.883776238352617
112.3206,-316.8,-12.878923768651866
112.4212,-316.8,-12.878923768651866
112.5209,-316.8,-12.882967493402491
112.621,-316.8,-12.879125954889396
112.7209,-316.8,-12.886606845678056
112.8208,-316.8,-12.883574052115087
112.9209,-316.8,-12.879125954889396
113.0206,-316.8,-12.872858181525928
113.1211,-316.8,-12.883169679640023
113.2219,-316.8,-12.881350003502241
113.3229,-316.8,-12.872655995288394
113.4235,-316.8,-12.873869112713583
113.5238,-316.8,-12.879934699839522
113.6239,-316.8,-12.874677857663707
113.7239,-316.8,-12.877912837464208
113.8252,-316.8,-12.870634132913082
113.9247,-316.8,-12.872858181525928
114.0251,-316.8,-12.867803525587643
114.1247,-316.8,-12.872655995288394
114.2259,-316.8,-12.87184725033827
114.3263,-316.8,-12.874071298951113
114.4265,-316.8,-12.868612270537769
114.5276,-316.8,-12.871442877863208
114.628,-316.8,-12.864366359549612
114.7278,-316.8,-12.868814456775299
114.8275,-316.8,-12.868207898062707
114.9282,-316.8,-12.862951055886892
115.0285,-316.8,-12.867399153112581
115.1289,-316.8,-12.864972918262204
115.2294,-316.8,-12.8655794769748
115.3295,-316.8,-12.868612270537769
115.4295,-316.8,-12.866388221924923
115.5305,-316.8,-12.864972918262204
115.6313,-316.8,-12.859109517373797
115.7313,-316.8,-12.860120448561455
115.8314,-316.8,-12.865175104499738
115.9323,-316.8,-12.8655794769748
116.0317,-316.8,-12.863355428361954
116.1324,-316.8,-12.861333565986643
116.2316,-316.8,-12.857087654998484
116.3318,-316.8,-12.85021332292242
116.4318,-316.8,-12.855672351335764
116.5318,-316.8,-12.854054861435515
116.6325,-316.8,-12.850617695397483
116.7335,-316.8,-12.854257047673046
116.8341,-316.8,-12.853650488960453
116.9341,-316.8,-12.857289841236017
117.0339,-316.8,-12.85789639994861
117.135,-316.8,-12.851022067872545
117.2352,-316.8,-12.852841744010329
117.3348,-316.8,-12.852235185297733
117.4359,-316.8,-12.850617695397483
117.5367,-316.8,-12.849404577972296
117.6374,-316.8,-12.854257047673046
117.7366,-316.8,-12.850415509159953
117.8374,-316.8,-12.849606764209828
117.9375,-316.8,-12.850819881635013
118.0376,-316.8,-12.848393646784638
118.1383,-316.8,-12.855874537573298
118.2384,-316.8,-12.846573970646858
118.3379,-316.8,-12.848191460547108
118.439,-316.8,-12.847584901834514
118.539,-316.8,-12.841519314708574
118.6385,-316.8,-12.838890893620668
118.7386,-316.8,-12.849202391734764
118.8396,-316.8,-12.845158666984139
118.9405,-316.8,-12.843541177083889
119.0422,-316.8,-12.8455630394592
119.1432,-316.8,-12.844754294509075
119.244,-316.8,-12.84071056975845
119.3439,-316.8,-12.842732432133763
119.4435,-316.8,-12.83444279639498
119.5449,-316.8,-12.843338990846355
119.6446,-316.8,-12.843743363321419
119.7454,-316.8,-12.83767777619548
119.8459,-316.8,-12.83464498263251
119.9469,-316.8,-12.836869031245355
120.0467,-316.8,-12.835453727582635
120.1467,-316.8,-12.833634051444854
120.2485,-316.8,-12.83444279639498
120.3481,-316.8,-12.83322967896979
120.4486,-316.8,-12.835251541345105
120.55,-316.8,-12.83464498263251
120.6499,-316.8,-12.829185954219165
120.7502,-316.8,-12.829590326694229
120.85,-316.8,-12.832623120257196
120.9511,-316.8,-12.82372692580582
121.0507,-316.8,-12.826355346893726
121.1509,-316.8,-12.827164091843851
121.2514,-316.8,-12.828781581744103
121.352,-316.8,-12.82999469916929
121.452,-316.8,-12.82514222946854
121.5519,-316.8,-12.824535670755946
121.6515,-316.8,-12.818267897392476
121.7518,-316.8,-12.819481014817661
121.8519,-316.8,-12.81887445610507
121.9526,-316.8,-12.820491946005319
122.0526,-316.8,-12.82352473956829
122.153,-316.8,-12.8223116221431
122.2529,-316.8,-12.8223116221431
122.3532,-316.8,-12.821907249668039
122.4543,-316.8,-12.81745915244235
122.5543,-316.8,-12.820289759767787
122.6539,-316.8,-12.824131298280882
122.754,-316.8,-12.819481014817661
122.8541,-316.8,-12.821300690955445
122.9543,-316.8,-12.819278828580131
123.0542,-316.8,-12.812404496504067
123.1537,-316.8,-12.815235103829506
123.2543,-316.8,-12.816246035017162
123.354,-316.8,-12.816852593729756
123.4541,-316.8,-12.815639476304566
123.554,-316.8,-12.8190766423426
123.6543,-316.8,-12.817054779967286
123.7535,-316.8,-12.810787006603816
123.8543,-316.8,-12.814830731354443
123.9542,-316.8,-12.813415427691725
124.0542,-316.8,-12.816246035017162
124.1543,-316.8,-12.818267897392476
124.2543,-316.8,-12.812202310266535
124.3545,-316.8,-12.80512579195294
124.4555,-316.8,-12.804923605715409
124.5563,-316.8,-12.810989192841348
124.656,-316.8,-12.813617613929255
124.7572,-316.8,-12.806945468090722
124.8569,-316.8,-12.810989192841348
124.9574,-316.8,-12.806136723140597
125.0573,-316.8,-12.805530164428003
125.1578,-316.8,-12.807552026803316
125.258,-316.8,-12.813213241454191
125.3594,-316.8,-12.811393565316411
125.4586,-316.8,-12.80027332225219
125.559,-316.8,-12.797847087401813
125.6586,-316.8,-12.799868949777126
125.7591,-316.8,-12.799464577302063
125.8589,-316.8,-12.802092998389972
125.9588,-316.8,-12.802295184627502
126.0591,-316.8,-12.797847087401813
126.1601,-316.8,-12.796633969976625
126.2605,-316.8,-12.797847087401813
126.36,-316.8,-12.798453646114407
126.4596,-316.8,-12.805327978190471
126.5605,-316.8,-12.801284253439846
126.6601,-316.8,-12.799262391064532
126.7601,-316.8,-12.798251459876877
126.8606,-316.8,-12.803912674527751
126.9613,-316.8,-12.800879880964782
127.0625,-316.8,-12.800677694727252
127.1616,-316.8,-12.794409921363782
127.2616,-316.8,-12.795623038788968
127.3619,-316.8,-12.795420852551437
127.4631,-316.8,-12.793803362651188
127.564,-316.8,-12.792792431463532
127.6639,-316.8,-12.790972755325749
127.7653,-316.8,-12.790366196613157
127.8652,-316.8,-12.792994617701062
127.9662,-316.8,-12.787535589287717
128.0662,-316.8,-12.791377127800812
128.1657,-316.8,-12.786929030575122
128.2664,-316.8,-12.788748706712905
128.367,-316.8,-12.787939961762781
128.4684,-316.8,-12.791377127800812
128.5679,-316.8,-12.78490716819981
128.6682,-316.8,-12.784098423249686
128.7683,-316.8,-12.784502795724748
128.8681,-316.8,-12.787131216812654
128.9689,-316.8,-12.786322471862528
129.0689,-316.8,-12.783694050774622
129.1688,-316.8,-12.779852512261527
129.2691,-316.8,-12.776213159985964
129.3686,-316.8,-12.777021904936088
129.4691,-316.8,-12.781065629686715
129.5686,-316.8,-12.776415346223496
129.6688,-316.8,-12.779245953548934
129.7696,-316.8,-12.779448139786464
129.8694,-316.8,-12.774797856323245
129.9695,-316.8,-12.770551945335088
130.0696,-316.8,-12.779245953548934
130.1697,-316.8,-12.767923524247182
130.2702,-316.8,-12.77419129761065
130.3706,-316.8,-12.770147572860024
130.4698,-316.8,-12.776819718698558
130.5703,-316.8,-12.773989111373119
130.6702,-316.8,-12.78187437463684
130.7699,-316.8,-12.775606601273369
130.8696,-316.8,-12.775808787510902
130.9699,-316.8,-12.773786925135589
131.0705,-316.8,-12.773786925135589
131.17,-316.8,-12.77095631781015
131.2703,-316.8,-12.771360690285213
131.3705,-316.8,-12.758622957320739
131.4704,-316.8,-12.770754131572618
131.57,-316.8,-12.779245953548934
131.6713,-316.8,-12.764890730684211
131.7721,-316.8,-12.767114779297055
131.8718,-316.8,-12.760038260983459
131.9719,-316.8,-12.768530082959774
132.0726,-316.8,-12.766912593059523
132.1718,-316.8,-12.776010973748432
132.2726,-316.8,-12.769338827909898
132.3719,-316.8,-12.76468854444668
132.4727,-316.8,-12.75538797752024
132.574,-316.8,-12.755792349995303
132.674,-316.8,-12.761857937121242
132.7743,-316.8,-12.759431702270867
132.874,-316.8,-12.764081985734087
132.974,-316.8,-12.760644819696054
133.0741,-316.8,-12.757814212370615
133.1742,-316.8,-12.754983605045178
133.2742,-316.8,-12.762666682071368
133.374,-316.8,-12.755185791282708
133.4741,-316.8,-12.758218584845679
133.5737,-316.8,-12.767519151772118
133.674,-316.8,-12.762262309596304
133.7738,-316.8,-12.758218584845679
133.8756,-316.8,-12.757612026133083
133.9756,-316.8,-12.750737694057019
134.076,-316.8,-12.758016398608147
134.1765,-316.8,-12.748109272969113
134.276,-316.8,-12.74628959683133
134.3757,-316.8,-12.757409839895553
134.4766,-316.8,-12.745683038118738
134.5757,-316.8,-12.744469920693549
134.676,-316.8,-12.74912020415677
134.7776,-316.8,-12.756398908707897
134.8767,-316.8,-12.752557370194802
134.9777,-316.8,-12.748109272969113
135.08,-316.8,-12.75377048761999
135.1796,-316.8,-12.75235518395727
135.2788,-316.8,-12.744874293168612
135.3788,-316.8,-12.74750271425652
135.4786,-316.8,-12.751344252769615
135.579,-316.8,-12.748311459206644
135.6793,-316.8,-12.751546439007145
135.7789,-316.8,-12.74750271425652
135.8797,-316.8,-12.765901661871867
135.9816,-316.8,-12.750131135344425
136.0809,-316.8,-12.760240447220992
136.1809,-316.8,-12.74912020415677
136.2817,-316.8,-12.75377048761999
136.382,-316.8,-12.755590163757772
136.482,-316.8,-12.7493223903943
136.5826,-316.8,-12.74912020415677
136.6817,-316.8,-12.744065548218488
136.782,-316.8,-12.745278665643674
136.882,-316.8,-12.757814212370615
136.982,-316.8,-12.742043685843175
137.082,-316.8,-12.734158422579453
137.182,-316.8,-12.732945305154265
137.2836,-316.8,-12.741841499605643
137.3834,-316.8,-12.745683038118738
137.4836,-316.8,-12.738808706042674
137.5836,-316.8,-12.73981963723033
137.6844,-316.8,-12.734967167529579
137.7843,-316.8,-12.737191216142424
137.8843,-316.8,-12.745278665643674
137.9838,-316.8,-12.742852430793299
138.084,-316.8,-12.74123494089305
138.1844,-316.8,-12.7460874105938
138.2842,-316.8,-12.731530001491546
138.3838,-316.8,-12.737999961092548
138.4843,-316.8,-12.734967167529579
138.5843,-316.8,-12.726879718028325
138.6844,-316.8,-12.728295021691045
138.7844,-316.8,-12.733956236341921
138.8838,-316.8,-12.729710325353764
138.9839,-316.8,-12.74143712713058
139.0854,-316.8,-12.720207572189794
139.1859,-316.8,-12.7293059528787
139.286,-316.8,-12.73072125654142
139.3857,-316.8,-12.726879718028325
139.4876,-316.8,-12.723644738227826
139.5873,-316.8,-12.7293059528787
139.6869,-316.8,-12.72404911070289
139.7881,-316.8,-12.71474854377645
139.8891,-316.8,-12.72566660060314
139.9902,-316.8,-12.724655669415482
140.09,-316.8,-12.72586878684067
140.1906,-316.8,-12.726475345553265
140.2903,-316.8,-12.718994454764605
140.3904,-316.8,-12.7228359932777
140.492,-316.8,-12.726475345553265
140.5928,-316.8,-12.716163847439166
140.6927,-316.8,-12.72586878684067
140.7944,-316.8,-12.718387896052011
140.8947,-316.8,-12.720611944664856
140.996,-316.8,-12.71798352357695
141.0957,-316.8,-12.72768846297845
141.1961,-316.8,-12.720409758427325
141.2962,-316.8,-12.727081904265859
141.3964,-316.8,-12.724857855653013
141.4964,-316.8,-12.72000538595226
141.597,-316.8,-12.722229434565106
141.697,-316.8,-12.71333324011373
141.7971,-316.8,-12.72000538595226
141.8973,-316.8,-12.716770406151761
141.9968,-316.8,-12.720611944664856
142.0968,-316.8,-12.714141985063854
142.1972,-316.8,-12.720814130902387
142.2967,-316.8,-12.705447976850007
142.3967,-316.8,-12.717174778626825
142.4975,-316.8,-12.712322308926073
142.5976,-316.8,-12.718792268527075
142.6971,-316.8,-12.720207572189794
142.7971,-316.8,-12.72142068961498
142.8967,-316.8,-12.7163660336767
142.9971,-316.8,-12.71798352357695
143.0972,-316.8,-12.720814130902387
143.1972,-316.8,-12.709087329125571
143.2979,-316.8,-12.711109191500885
143.3979,-316.8,-12.713131053876197
143.4994,-316.8,-12.708076397937916
143.5997,-316.8,-12.713131053876197
143.6997,-316.8,-12.708278584175446
143.7989,-316.8,-12.712524495163604
143.8987,-316.8,-12.711715750213479
143.9998,-316.8,-12.71212012268854
144.1003,-316.8,-12.70423485942482
144.2004,-316.8,-12.704841418137415
144.3008,-316.8,-12.70241518328704
144.4014,-316.8,-12.698371458536412
144.5015,-316.8,-12.699988948436662
144.6015,-316.8,-12.70443704566235
144.702,-316.8,-12.704639231899883
144.8019,-316.8,-12.708480770412978
144.9022,-316.8,-12.709491701600635
145.002,-316.8,-12.708076397937916
145.102,-316.8,-12.70443704566235
145.2021,-316.8,-12.699988948436662
145.3028,-316.8,-12.70241518328704
145.4038,-316.8,-12.703628300712227
145.5039,-316.8,-12.70099987962432
145.6044,-316.8,-12.698775831011476
145.704,-316.8,-12.700595507149258
145.8043,-316.8,-12.701404252099382
145.9045,-316.8,-12.698169272298882
146.0044,-316.8,-12.699180203486538
146.1044,-316.8,-12.712928867638666
146.2051,-316.8,-12.698169272298882
146.3048,-316.8,-12.692305871410474
146.4048,-316.8,-12.702617369524571
146.5053,-316.8,-12.698169272298882
146.6066,-316.8,-12.698169272298882
146.7063,-316.8,-12.698573644773944
146.8059,-316.8,-12.693721175073192
146.907,-316.8,-12.692912430123068
147.0071,-316.8,-12.697360527348756
147.1075,-316.8,-12.694732106260851
147.207,-316.8,-12.705043604374946
147.3082,-316.8,-12.697764899823818
147.4079,-316.8,-12.691497126460348
147.5095,-316.8,-12.697562713586287
147.6098,-316.8,-12.687251215472191
147.7106,-316.8,-12.684420608146752
147.8103,-316.8,-12.69008182279763
147.9104,-316.8,-12.691294940222816
148.0101,-316.8,-12.692710243885536
148.1102,-316.8,-12.687857774184785
148.2102,-316.8,-12.686240284284535
148.3102,-316.8,-12.691294940222816
148.4122,-316.8,-12.686644656759597
148.5118,-316.8,-12.681590000821314
148.6118,-316.8,-12.689070891609973
148.7133,-316.8,-12.685027166859348
148.8142,-316.8,-12.689879636560098
148.9143,-316.8,-12.694125547548255
149.0139,-316.8,-12.681185628346253
149.1144,-316.8,-12.687049029234661
149.2142,-316.8,-12.693316802598131
149.3142,-316.8,-12.681185628346253
149.4138,-316.8,-12.682600932008972
149.5138,-316.8,-12.689273077847503
149.6145,-316.8,-12.685633725571941
149.7142,-316.8,-12.695338664973443
149.8138,-316.8,-12.69028400903516
149.9145,-316.8,-12.686240284284535
150.0144,-316.8,-12.678961579733407
150.1141,-316.8,-12.680376883396127
150.2152,-316.8,-12.675928786170438
150.3152,-316.8,-12.672289433894875
150.4157,-316.8,-12.681792187058846
150.5153,-316.8,-12.678759393495877
150.6157,-316.8,-12.678759393495877
150.7155,-316.8,-12.687857774184785
150.8152,-316.8,-12.683409676959096
150.915,-316.8,-12.677950648545751
151.0165,-316.8,-12.677546276070688
151.1163,-316.8,-12.677344089833158
151.216,-316.8,-12.678759393495877
151.3169,-316.8,-12.677546276070688
151.417,-316.8,-12.675322227457844
151.5169,-316.8,-12.677950648545751
151.6169,-316.8,-12.676333158645502
151.7171,-316.8,-12.677546276070688
151.8169,-316.8,-12.674513482507718
151.9168,-316.8,-12.672693806369937
152.0176,-316.8,-12.669256640331904
152.1173,-316.8,-12.674917854982782
152.2171,-316.8,-12.678961579733407
152.317,-316.8,-12.667032591719062
152.4187,-316.8,-12.675928786170438
152.5186,-316.8,-12.666021660531404
152.6188,-316.8,-12.665819474293873
152.7187,-316.8,-12.670065385282031
152.8182,-316.8,-12.669661012806968
152.9184,-316.8,-12.667436964194124
153.019,-316.8,-12.667234777956592
153.1195,-316.8,-12.6698631990445
153.2193,-316.8,-12.673098178844999
153.3192,-316.8,-12.668043522906718
153.4196,-316.8,-12.677950648545751
153.5202,-316.8,-12.676939717358094
153.62,-316.8,-12.672087247657343
153.7202,-316.8,-12.662382308255841
153.8218,-316.8,-12.671076316469687
153.9224,-316.8,-12.666021660531404
154.0232,-316.8,-12.663191053205967
154.1261,-316.8,-12.674109110032656
154.2263,-316.8,-12.668245709144248
154.3259,-316.8,-12.667032591719062
154.4261,-316.8,-12.668852267856842
154.5259,-316.8,-12.661775749543247
154.6277,-316.8,-12.658136397267684
154.7273,-316.8,-12.659551700930402
154.8273,-316.8,-12.657125466080027
154.9279,-316.8,-12.66076481835559
155.0281,-316.8,-12.667841336669186
155.1282,-316.8,-12.65287955509187
155.2283,-316.8,-12.656316721129903
155.3289,-316.8,-12.662584494493373
155.4292,-316.8,-12.663595425681029
155.5293,-316.8,-12.661977935780778
155.6304,-316.8,-12.661371377068184
155.7299,-316.8,-12.663595425681029
155.8303,-316.8,-12.660562632118058
155.9309,-316.8,-12.65146425142915
156.0311,-316.8,-12.657934211030152
156.1315,-316.8,-12.659956073405464
156.2323,-316.8,-12.656721093604965
156.3318,-316.8,-12.670065385282031
156.4322,-316.8,-12.663393239443497
156.5319,-316.8,-12.654699231229651
156.6335,-316.8,-12.65611453489237
156.7341,-316.8,-12.660158259642998
156.8344,-316.8,-12.655103603704713
156.9338,-316.8,-12.651059878954088
157.0342,-316.8,-12.649644575291369
157.1349,-316.8,-12.653283927566934
157.2355,-316.8,-12.651262065191618
157.3352,-316.8,-12.648229271628649
157.435,-316.8,-12.648633644103713
157.5361,-316.8,-12.650453320241494
157.6363,-316.8,-12.651262065191618
157.7359,-316.8,-12.648229271628649
157.8365,-316.8,-12.649038016578775
157.9364,-316.8,-12.650857692716558
158.0363,-316.8,-12.653283927566934
158.1371,-316.8,-12.643983360640494
158.2374,-316.8,-12.638119959752085
158.3377,-316.8,-12.64378117440296
158.4375,-316.8,-12.6466117817284
158.5377,-316.8,-12.641759312027649
158.6378,-316.8,-12.642365870740242
158.7376,-316.8,-12.64378117440296
158.8373,-316.8,-12.644792105590618
158.938,-316.8,-12.650048947766432
159.0387,-316.8,-12.642568056977774
159.138,-316.8,-12.636704656089366
159.239,-316.8,-12.635087166189114
159.3399,-316.8,-12.640950567077523
159.4401,-316.8,-12.63609809737677
159.5415,-316.8,-12.639333077177273
159.6416,-316.8,-12.63589591113924
159.7412,-316.8,-12.640141822127399
159.8412,-316.8,-12.640141822127399
159.9421,-316.8,-12.641961498265179
160.0422,-316.8,-12.641354939552585
160.1422,-316.8,-12.64378117440296
160.2433,-316.8,-12.643174615690368
160.3442,-316.8,-12.641152753315055
160.4446,-316.8,-12.64499429182815
160.544,-316.8,-12.648027085391119
160.644,-316.8,-12.639130890939741
160.7442,-316.8,-12.643983360640494
160.8445,-316.8,-12.633267490051335
160.9446,-316.8,-12.639130890939741
161.0444,-316.8,-12.641759312027649
161.1446,-316.8,-12.635087166189114
161.2441,-316.8,-12.636300283614304
161.344,-316.8,-12.633671862526395
161.4443,-316.8,-12.640141822127399
161.5453,-316.8,-12.63448060747652
161.6455,-316.8,-12.629223765300708
161.7453,-316.8,-12.63731121480196
161.8462,-316.8,-12.62942595153824
161.9461,-316.8,-12.63104344143849
162.0465,-316.8,-12.627808461637988
162.147,-316.8,-12.63872651846468
162.2482,-316.8,-12.63124562767602
162.3486,-316.8,-12.631852186388615
162.4486,-316.8,-12.62315817817477
162.5497,-316.8,-12.628819392825644
162.6493,-316.8,-12.634076235001459
162.7505,-316.666,-12.63427842123899
162.8702,-316.251,-12.627808461637988
162.9703,-315.566,-12.625180040550081
163.0708,-314.917,-12.624169109362425
163.1703,-314.233,-12.630639068963426
163.2707,-313.584,-11.764271041141797
163.3707,-312.9,-8.924969707489723
163.4718,-312.216,-6.623483765670913
163.5721,-311.567,-4.76114633177009
163.6738,-310.883,-3.2154325458432855
163.7738,-310.234,-1.9167903421797325
163.8743,-309.55,-0.8478317043517389
163.9746,-308.901,0.03895713346055185
164.0745,-308.217,0.7609641876848313
164.1742,-307.567,1.3628726168155174
164.2744,-306.884,1.832955619075795
164.3744,-306.234,2.2336887418628355
164.4741,-305.551,2.5490992724116666
164.5741,-304.901,2.798192717050231
164.6747,-304.218,3.006444541707472
164.7743,-303.569,3.168800090445107
164.8746,-302.885,3.289100901776232
164.9743,-302.201,3.3774562875774112
165.0744,-301.552,3.446401794575585
165.1741,-300.902,3.500385519996443
165.2754,-300.217,3.5331396904765136
165.3751,-299.533,3.5557845490800193
165.4756,-298.884,3.5701397719447416
165.5756,-298.2,3.572768193032649
165.6765,-297.551,3.554167059179769
165.7766,-296.867,3.5535605004671753
165.8769,-296.217,3.540822767502703
165.9779,-295.534,3.5381943464147962
166.0773,-294.851,3.514942929098696
166.1773,-294.201,3.491287139307534
166.277,-293.552,3.4783472201055305
166.3769,-292.865,3.452467381701524
166.477,-292.216,3.4267897295350487
166.5778,-291.532,3.4087951543947628
166.6773,-290.883,3.38352187470335
166.7769,-290.197,3.360674829862313
166.8774,-289.548,3.3511720766983415
166.9777,-288.862,3.3321665703703993
167.0773,-288.212,3.30123207602811
167.1779,-287.529,3.2822265697001676
167.277,-286.879,3.2725216302986655
167.3777,-286.196,3.2551336138709734
167.4773,-285.546,3.2403740185311882
167.5769,-284.863,3.228040658041779
167.678,-284.179,3.198521467362209
167.7789,-283.53,3.188007783010581
167.8792,-282.846,3.1776962848964847
167.9797,-282.197,3.1655651106446068
168.0794,-281.513,3.1510077015423525
168.1794,-280.864,3.142718065803569
168.2804,-280.18,3.1324065676894732
168.3809,-279.496,3.130182519076629
168.481,-278.847,3.123308187000564
168.5824,-278.163,3.1036961219600276
168.6823,-277.514,3.1067289155229973
168.7823,-276.831,3.09621523117137
168.8835,-276.147,3.0917671339456816
168.9831,-275.498,3.0776140973184902
169.084,-274.814,3.079635959693803
169.1842,-274.164,3.0675047854419253
169.2844,-273.478,3.0468817892137325
169.3846,-272.829,3.0509255139643585
169.4844,-272.145,3.048903651589045
169.5845,-271.462,3.048903651589045
169.6841,-270.812,3.0365702910996357
169.784,-270.163,3.0303025177361653
169.8844,-269.477,3.023832558135164
169.9847,-268.828,3.015947294871443
170.0846,-268.144,3.023832558135164
170.1847,-267.494,3.0250456755603516
170.2846,-266.844,3.021406323284788
170.3847,-266.799,3.0161494811089744
170.484,-266.799,3.0230238131850387
170.5844,-266.799,3.020597578334663
170.6849,-266.799,3.0228216269475072
170.7856,-266.799,2.985214986766685
170.8851,-266.799,3.021608509522319
170.9859,-266.799,3.019182274671944
171.0859,-266.8,3.0147341774462553
171.1867,-266.8,3.026056606748008
171.2868,-266.8,3.0262587929855393
171.3868,-266.8,3.0284828415983838
171.4867,-266.8,3.0252478617978826
171.5869,-266.8,3.0323243801114783
171.6868,-266.8,3.026056606748008
171.7875,-266.8,3.0276740966482585
171.887,-266.8,3.0315156351613535
171.9877,-266.8,3.028078469123321
172.0881,-266.8,3.0325265663490097
172.1885,-266.8,3.0377834085248234
172.2888,-266.8,3.036772477337167
172.3896,-266.8,3.0404118296127307
172.4893,-266.8,3.038592153474949
172.5909,-266.8,3.031920007636416
172.6907,-266.8,3.0177669710092245
172.7909,-266.8,3.0268653516981336
172.8902,-266.8,3.033537497536666
172.9903,-266.8,3.032930938824072
173.0904,-266.8,3.033335311299135
173.1901,-266.8,3.026056606748008
173.2907,-266.8,3.0212041370472567
173.3904,-266.8,3.0187779021968812
173.4906,-266.8,3.0292915865485086
173.5914,-266.8,3.0195866471470065
173.6923,-266.8,3.0195866471470065
173.7922,-266.8,3.017564784771693
173.892,-266.8,3.0181713434842874
173.9929,-266.8,3.0210019508097252
174.0921,-266.8,3.022417254472445
174.192,-266.8,3.015947294871443
174.2921,-266.8,3.0133188737835357
174.3926,-266.8,3.0155429223963806
174.4922,-266.8,3.0181713434842874
174.5923,-266.8,3.022215068234913
174.692,-266.8,3.0108926389331607
174.7936,-266.8,3.0151385499213177
174.8947,-266.8,3.0185757159593503
174.9945,-266.8,3.0201932058596004
175.0959,-266.8,3.024439116847758
175.1966,-266.8,3.017564784771693
175.2964,-266.8,3.0210019508097252
175.3964,-266.8,3.022417254472445
175.4961,-266.8,3.0187779021968812
175.597,-266.8,3.021406323284788
175.6977,-266.8,3.0282806553608523
175.7972,-266.8,3.0195866471470065
175.8975,-266.8,3.020597578334663
175.9985,-266.8,3.020597578334663
176.0982,-266.8,3.0207997645721942
176.1995,-266.8,3.022417254472445
176.2999,-266.8,3.0187779021968812
176.3997,-266.8,3.02322599942257
176.4993,-266.8,3.028887214073446
176.6,-266.8,3.014531991208724
176.7003,-266.8,3.017969157246756
176.801,-266.8,3.0157451086339115
176.9025,-266.8,3.0187779021968812
177.0023,-266.8,3.0256522342729455
177.1035,-266.8,3.0250456755603516
177.2048,-266.8,3.026663165460602
177.3047,-266.8,3.0282806553608523
177.4045,-266.8,3.021608509522319
177.5045,-266.8,3.0226194407099762
177.6047,-266.8,3.0242369306102264
177.7042,-266.8,3.0137232462585986
177.8042,-266.8,3.0169582260590992
177.9048,-266.8,3.0169582260590992
178.0048,-266.8,3.021608509522319
178.1045,-266.8,3.0203953920971314
178.2048,-266.8,3.017564784771693
178.3046,-266.8,3.02322599942257
178.4046,-266.8,3.0212041370472567
178.5058,-266.8,3.0169582260590992
178.6055,-266.8,3.026056606748008
178.7053,-266.8,3.0121057563583484
178.8051,-266.8,3.021406323284788
178.9061,-266.8,3.0292915865485086
179.0063,-266.8,3.0268653516981336
179.1063,-266.8,3.015340736158849
179.2067,-266.8,3.0189800884344127
179.3066,-266.8,3.0323243801114783
179.4078,-266.8,3.0303025177361653
179.5071,-266.8,3.0230238131850387
179.6081,-266.8,3.024034744372695
